0, -2.65, -31.6, -28.8, 0, 0, 0
0.033333, 5.399831, 13.07002, -49.95854, 8.949769, 347.1108, 19.6688
0.066666, 5.399831, 13.07002, -49.95854, 8.949769, 347.1108, 19.6688
0.099999, 5.399831, 13.07002, -49.95854, 8.949769, 347.1108, 19.6688
0.133332, 5.396608, 13.06922, -49.96454, 8.913425, 347.1255, 19.68332
0.166665, 5.396608, 13.06922, -49.96454, 8.913425, 347.1255, 19.68332
0.199998, 5.396608, 13.06922, -49.96454, 8.913425, 347.1255, 19.68332
0.233331, 5.390462, 13.06817, -49.96826, 8.897236, 347.1059, 19.68255
0.266664, 5.385031, 13.06775, -49.9701, 8.902717, 347.1196, 19.67899
0.299997, 5.383855, 13.06726, -49.97067, 8.920732, 347.1191, 19.68202
0.33333, 5.382302, 13.06444, -49.9721, 8.929088, 347.1452, 19.65365
0.366663, 5.380489, 13.06159, -49.97287, 8.973664, 347.1445, 19.61666
0.399996, 5.379088, 13.06224, -49.97277, 8.94731, 347.0962, 19.63958
0.433329, 5.379088, 13.06224, -49.97277, 8.94731, 347.0962, 19.63958
0.466662, 5.371605, 13.06833, -49.97441, 8.947743, 347.0828, 19.7052
0.499995, 5.369857, 13.07094, -49.97297, 8.940886, 347.0856, 19.72876
0.533328, 5.371509, 13.0724, -49.97519, 8.949212, 347.0735, 19.76204
0.566661, 5.373128, 13.07233, -49.96984, 8.953721, 347.0663, 19.7397
0.599994, 5.375787, 13.06882, -49.96689, 8.97403, 347.0558, 19.69567
0.633327, 5.383808, 13.06918, -49.96859, 8.918666, 347.1258, 19.70253
0.66666, 5.398681, 13.06362, -49.96761, 9.024199, 347.1403, 19.57833
0.699993, 5.399457, 13.06538, -49.96961, 8.999076, 347.1606, 19.63321
0.733326, 5.39931, 13.06543, -49.96907, 9.014263, 347.1991, 19.59659
0.766659, 5.397608, 13.06767, -49.96476, 8.98784, 347.178, 19.63348
0.799992, 5.392189, 13.06524, -49.96286, 9.017216, 347.1294, 19.63201
0.833325, 5.394855, 13.06549, -49.96053, 8.996732, 347.1267, 19.62268
0.866658, 5.396332, 13.06139, -49.96097, 9.040816, 347.0939, 19.54899
0.899991, 5.396771, 13.05861, -49.96124, 9.103662, 347.099, 19.49101
0.933324, 5.398946, 13.05939, -49.96301, 9.069821, 347.1009, 19.53254
0.966657, 5.405838, 13.06189, -49.96259, 9.013651, 347.1987, 19.54895
0.99999, 5.405276, 13.06157, -49.96234, 9.042997, 347.2151, 19.5292
1.033323, 5.404275, 13.06622, -49.96436, 8.990348, 347.2152, 19.58951
1.066656, 5.401669, 13.06433, -49.96399, 8.999473, 347.2386, 19.55175
1.099989, 5.40298, 13.06337, -49.96198, 8.974746, 347.2949, 19.53373
1.133322, 5.407763, 13.06368, -49.95971, 8.941031, 347.3086, 19.52609
1.166655, 5.4077, 13.06241, -49.95516, 8.92621, 347.347, 19.54138
1.199988, 5.408582, 13.06341, -49.95785, 8.946066, 347.3995, 19.50344
1.233321, 5.413098, 13.06322, -49.95366, 8.875965, 347.3918, 19.54559
1.266654, 5.416561, 13.06428, -49.95214, 8.898208, 347.467, 19.51583
1.299987, 5.425083, 13.06511, -49.94535, 8.912348, 347.5637, 19.49673
1.33332, 5.423547, 13.06074, -49.93633, 8.922314, 347.5176, 19.44461
1.366653, 5.42555, 13.06661, -49.92432, 8.88645, 347.5198, 19.47742
1.399986, 5.426765, 13.06915, -49.91706, 8.918129, 347.5688, 19.46209
1.433319, 5.430599, 13.06637, -49.90891, 9.007791, 347.6064, 19.37162
1.466652, 5.433221, 13.06779, -49.90191, 9.001795, 347.5739, 19.38571
1.499985, 5.43805, 13.06652, -49.89098, 8.993503, 347.5388, 19.34883
1.533318, 5.438783, 13.06581, -49.88763, 8.940529, 347.5659, 19.38658
1.566651, 5.440145, 13.06692, -49.88766, 8.960355, 347.5432, 19.39944
1.599984, 5.440279, 13.06898, -49.88708, 9.014986, 347.4885, 19.36424
1.633317, 5.442437, 13.07474, -49.88641, 8.953039, 347.4672, 19.49172
1.66665, 5.443712, 13.07587, -49.8861, 8.969839, 347.4518, 19.43937
1.699983, 5.445876, 13.0729, -49.89059, 8.957665, 347.4052, 19.4345
1.733316, 5.447708, 13.07205, -49.89074, 8.878791, 347.4108, 19.46601
1.766649, 5.451961, 13.06874, -49.89656, 8.909159, 347.4261, 19.42556
1.799982, 5.455489, 13.06579, -49.90446, 8.961867, 347.4085, 19.4119
1.833315, 5.45463, 13.0645, -49.91521, 8.890286, 347.4495, 19.4474
1.866648, 5.448091, 13.0657, -49.91768, 8.92282, 347.4713, 19.44403
1.899981, 5.441343, 13.0672, -49.91908, 8.884089, 347.4688, 19.47842
1.933314, 5.430799, 13.07316, -49.91883, 8.836194, 347.4168, 19.56241
1.966647, 5.418877, 13.07854, -49.91645, 8.734532, 347.4262, 19.65669
1.99998, 5.400648, 13.07426, -49.91224, 8.814646, 347.3562, 19.58046
2.033313, 5.395053, 13.07573, -49.91479, 8.763115, 347.291, 19.66667
2.066646, 5.390251, 13.07937, -49.91103, 8.718993, 347.3121, 19.65941
2.099979, 5.38984, 13.07879, -49.91106, 8.749499, 347.3416, 19.65751
2.133312, 5.394054, 13.07812, -49.918, 8.75794, 347.3598, 19.69659
2.166645, 5.394135, 13.07689, -49.9162, 8.799091, 347.3919, 19.6504
2.199978, 5.394441, 13.07918, -49.91699, 8.768766, 347.3775, 19.72708
2.233311, 5.396943, 13.07834, -49.91722, 8.754479, 347.3716, 19.71824
2.266644, 5.397667, 13.0752, -49.91785, 8.766688, 347.3814, 19.6841
2.299977, 5.398025, 13.07231, -49.91959, 8.780332, 347.3468, 19.66786
2.33331, 5.407786, 13.07467, -49.92508, 8.715968, 347.3747, 19.70191
2.366643, 5.40849, 13.07472, -49.92831, 8.738276, 347.3729, 19.70174
2.399976, 5.410469, 13.07447, -49.92836, 8.74716, 347.3533, 19.71452
2.433309, 5.410589, 13.07553, -49.9259, 8.741218, 347.3522, 19.73791
2.466642, 5.410463, 13.07661, -49.92338, 8.766413, 347.3533, 19.73943
2.499975, 5.409269, 13.07668, -49.91814, 8.781827, 347.3578, 19.7133
2.533308, 5.411708, 13.07371, -49.91679, 8.762988, 347.332, 19.71406
2.566641, 5.41265, 13.07014, -49.91619, 8.824248, 347.375, 19.64528
2.599974, 5.41387, 13.06728, -49.91685, 8.818605, 347.3606, 19.65434
2.633307, 5.414403, 13.06743, -49.91862, 8.820455, 347.3123, 19.64418
2.66664, 5.408639, 13.07313, -49.91749, 8.798879, 347.316, 19.70405
2.699973, 5.40867, 13.07397, -49.91711, 8.811815, 347.3147, 19.69945
2.733306, 5.40961, 13.07667, -49.91645, 8.792803, 347.3014, 19.72957
2.766639, 5.407763, 13.07392, -49.91402, 8.802631, 347.3211, 19.69135
2.799972, 5.405853, 13.07063, -49.91547, 8.829542, 347.296, 19.67058
2.833305, 5.411153, 13.07174, -49.92085, 8.792686, 347.3027, 19.67774
2.866638, 5.407936, 13.06631, -49.92465, 8.834503, 347.2957, 19.66701
2.899971, 5.409272, 13.06747, -49.92931, 8.809806, 347.2661, 19.67632
2.933304, 5.409024, 13.07159, -49.93401, 8.738223, 347.305, 19.74336
2.966637, 5.407231, 13.07106, -49.9359, 8.760575, 347.3643, 19.71608
2.99997, 5.403936, 13.07083, -49.93506, 8.775805, 347.3626, 19.71288
3.033303, 5.39755, 13.0697, -49.93538, 8.751329, 347.2733, 19.74721
3.066636, 5.398391, 13.07041, -49.9329, 8.772841, 347.228, 19.72633
3.099969, 5.40009, 13.07129, -49.93391, 8.771645, 347.2506, 19.74409
3.133302, 5.402077, 13.072, -49.93572, 8.754714, 347.2586, 19.766
3.166635, 5.404872, 13.07042, -49.93645, 8.789155, 347.2891, 19.72722
3.199968, 5.411413, 13.07139, -49.93934, 8.789429, 347.3212, 19.74098
3.233301, 5.41236, 13.07109, -49.94209, 8.784817, 347.3242, 19.75713
3.266634, 5.409969, 13.07149, -49.94226, 8.777866, 347.2841, 19.75953
3.299967, 5.40705, 13.07525, -49.94388, 8.731353, 347.2546, 19.81809
3.3333, 5.404554, 13.07369, -49.94632, 8.744574, 347.2678, 19.81608
3.366633, 5.402648, 13.07298, -49.94474, 8.728185, 347.2404, 19.80922
3.399966, 5.401863, 13.07225, -49.94648, 8.741818, 347.2523, 19.79957
3.433299, 5.403743, 13.07438, -49.94768, 8.700195, 347.2725, 19.84741
3.466632, 5.404751, 13.07542, -49.94736, 8.712427, 347.2742, 19.85753
3.499965, 5.403343, 13.07596, -49.94598, 8.729077, 347.2505, 19.84759
3.533298, 5.402853, 13.07752, -49.9399, 8.74503, 347.196, 19.86142
3.566631, 5.399421, 13.07475, -49.93305, 8.834929, 347.2209, 19.73351
3.599964, 5.403444, 13.07541, -49.93283, 8.824246, 347.2119, 19.78714
3.633297, 5.402802, 13.07609, -49.93299, 8.77742, 347.1905, 19.80703
3.66663, 5.40308, 13.07371, -49.93365, 8.775943, 347.189, 19.76035
3.699963, 5.406651, 13.07169, -49.94435, 8.767844, 347.2038, 19.7762
3.733296, 5.405637, 13.06975, -49.94729, 8.791229, 347.1768, 19.77706
3.766629, 5.40621, 13.07346, -49.9489, 8.787844, 347.1652, 19.80252
3.799962, 5.405614, 13.07614, -49.94915, 8.794451, 347.1959, 19.82527
3.833295, 5.404811, 13.07779, -49.94832, 8.769138, 347.1899, 19.83534
3.866628, 5.403084, 13.07263, -49.93777, 8.838977, 347.1474, 19.75315
3.899961, 5.404972, 13.07409, -49.93605, 8.79761, 347.1361, 19.76402
3.933294, 5.40653, 13.07147, -49.93755, 8.820871, 347.1206, 19.76984
3.966627, 5.408443, 13.07217, -49.93477, 8.846024, 347.1146, 19.72945
3.99996, 5.411556, 13.07194, -49.93542, 8.860828, 347.13, 19.73955
4.033293, 5.411829, 13.07478, -49.93641, 8.827166, 347.2089, 19.76084
4.066626, 5.412903, 13.07865, -49.93632, 8.806179, 347.2146, 19.79815
4.099959, 5.406291, 13.07874, -49.93542, 8.800724, 347.2019, 19.80458
4.133292, 5.402438, 13.0767, -49.93878, 8.81881, 347.1042, 19.82044
4.166625, 5.399297, 13.07723, -49.93874, 8.790762, 347.0592, 19.83822
4.199958, 5.398602, 13.07175, -49.94074, 8.815613, 347.0924, 19.7874
4.233291, 5.402888, 13.07418, -49.94291, 8.777041, 347.1493, 19.81538
4.266624, 5.405967, 13.07309, -49.94189, 8.787521, 347.195, 19.79268
4.299957, 5.40596, 13.07356, -49.94567, 8.772373, 347.1982, 19.81961
4.33329, 5.406824, 13.07282, -49.94995, 8.792366, 347.184, 19.8202
4.366623, 5.405564, 13.07523, -49.94683, 8.764396, 347.1947, 19.83223
4.399956, 5.403891, 13.07319, -49.94909, 8.776137, 347.1743, 19.82392
4.433289, 5.401995, 13.07424, -49.94833, 8.749783, 347.1419, 19.86239
4.466622, 5.400773, 13.07458, -49.94542, 8.765034, 347.1565, 19.85432
4.499955, 5.399224, 13.07493, -49.9429, 8.771937, 347.1074, 19.83738
4.533288, 5.397019, 13.07942, -49.9409, 8.71303, 347.1277, 19.93739
4.566621, 5.396816, 13.07702, -49.93461, 8.779698, 347.1347, 19.85345
4.599954, 5.394355, 13.07518, -49.93405, 8.783201, 347.0943, 19.8401
4.633287, 5.395924, 13.07899, -49.93098, 8.727582, 347.0992, 19.89606
4.66662, 5.397504, 13.07783, -49.92602, 8.773636, 347.0962, 19.87041
4.699953, 5.392856, 13.07979, -49.92339, 8.791077, 347.1536, 19.84537
4.733286, 5.394617, 13.07975, -49.9289, 8.800406, 347.1135, 19.82479
4.766619, 5.394731, 13.0818, -49.92805, 8.734713, 347.1104, 19.86936
4.799952, 5.400207, 13.07927, -49.93618, 8.757505, 347.1602, 19.88031
4.833285, 5.403845, 13.07495, -49.94343, 8.765339, 347.1606, 19.83875
4.866618, 5.400549, 13.07476, -49.94905, 8.72834, 347.0869, 19.89341
4.899951, 5.396543, 13.0796, -49.95219, 8.69935, 347.1126, 19.92157
4.933284, 5.39899, 13.07771, -49.95198, 8.717336, 347.1463, 19.92065
4.966617, 5.396666, 13.07955, -49.94775, 8.708838, 347.1378, 19.92702
4.99995, 5.395271, 13.07811, -49.94373, 8.722494, 347.1283, 19.90345
5.033283, 5.397513, 13.07295, -49.9421, 8.75817, 347.1381, 19.85147
5.066616, 5.401973, 13.07341, -49.93124, 8.753738, 347.1646, 19.82347
5.099949, 5.404748, 13.07112, -49.92937, 8.835878, 347.181, 19.77511
5.133282, 5.409324, 13.07172, -49.92585, 8.837376, 347.2018, 19.83635
5.166615, 5.410652, 13.07342, -49.91251, 9.054367, 347.3517, 19.87584
5.199948, 5.400267, 13.09116, -49.87821, 9.227774, 347.4559, 19.80036
5.233281, 5.384731, 13.14285, -49.72939, 9.270405, 347.6598, 20.18526
5.266614, 5.393108, 13.15983, -49.64302, 9.787022, 347.8106, 19.94359
5.299947, 5.387866, 13.19954, -49.52865, 9.988652, 347.718, 19.76588
5.33328, 5.39899, 13.23452, -49.4129, 10.14012, 347.5819, 19.81749
5.366613, 5.408232, 13.2528, -49.28217, 10.50355, 347.6194, 19.72914
5.399946, 5.42692, 13.34109, -48.96999, 11.38479, 347.7603, 19.27675
5.433279, 5.433508, 13.40199, -48.79039, 11.80992, 347.7952, 19.21576
5.466612, 5.441492, 13.44959, -48.59406, 12.31894, 347.8348, 19.09503
5.499945, 5.427673, 13.51245, -48.37753, 12.85323, 347.9364, 18.89381
5.533278, 5.408304, 13.58782, -48.15549, 13.19117, 348.0756, 18.74058
5.566611, 5.360414, 13.72237, -47.66816, 14.1662, 348.2919, 18.80066
5.599944, 5.321289, 13.79426, -47.40431, 14.76577, 348.3731, 18.74745
5.633277, 5.277128, 13.87934, -47.12548, 15.28511, 348.3161, 18.71641
5.66661, 5.213751, 13.96302, -46.83105, 15.81882, 348.3346, 18.82245
5.699943, 5.137581, 14.03588, -46.51381, 16.43038, 348.3585, 18.82491
5.733276, 4.973648, 14.20494, -45.8315, 17.74028, 348.4173, 18.90388
5.766609, 4.86976, 14.28992, -45.465, 18.42027, 348.4743, 18.99743
5.799942, 4.754851, 14.37315, -45.07193, 19.10973, 348.4296, 19.11855
5.833275, 4.64291, 14.4517, -44.66456, 19.84081, 348.3277, 19.14039
5.866608, 4.528037, 14.51702, -44.23938, 20.5684, 348.3308, 19.20442
5.899941, 4.289992, 14.65354, -43.37217, 22.16638, 348.4857, 19.51832
5.933274, 4.158628, 14.74085, -42.91899, 23.11558, 348.5158, 19.67101
5.966607, 4.017003, 14.78889, -42.45032, 23.81922, 348.5262, 19.95396
5.99994, 3.869925, 14.83396, -41.96924, 24.67358, 348.6179, 20.22052
6.033273, 3.722638, 14.90192, -41.4774, 25.44536, 348.5397, 20.40493
6.066606, 3.435988, 14.98242, -40.49357, 26.96283, 348.4824, 21.20564
6.099939, 3.297991, 15.01766, -40.04176, 27.88056, 348.7602, 21.4382
6.133272, 3.162889, 15.08961, -39.5844, 28.89461, 349.0321, 22.02302
6.166605, 3.022985, 15.12372, -39.12048, 29.4882, 349.1435, 22.62558
6.199938, 2.873776, 15.13123, -38.69357, 29.9784, 349.4069, 23.02084
6.233271, 2.672773, 15.04663, -37.97808, 30.08419, 349.9226, 24.26708
6.266604, 2.572941, 15.00923, -37.6951, 29.2934, 349.4109, 23.52473
6.299937, 2.558002, 14.96284, -37.48644, 28.27315, 348.8797, 23.87735
6.33327, 2.585581, 14.89929, -37.3773, 27.28517, 349.0121, 23.61509
6.366603, 2.647971, 14.89659, -37.34089, 26.78877, 349.6964, 22.82397
6.399936, 2.727779, 14.89776, -37.35413, 26.30349, 350.2091, 22.74515
6.433269, 2.902711, 14.96448, -37.43826, 25.64346, 351.8656, 22.50335
6.466602, 3.013743, 14.97223, -37.47639, 25.43516, 353.1485, 23.22461
6.499935, 3.049101, 14.98549, -37.49646, 25.43906, 354.1165, 23.09074
6.533268, 3.144155, 14.99056, -37.55018, 24.5243, 353.8031, 23.1386
6.566601, 3.182459, 14.97211, -37.57873, 24.3259, 354.2619, 23.18543
6.599934, 3.212429, 14.97526, -37.58527, 24.29454, 355.3268, 23.28888
6.633267, 3.185384, 15.03973, -37.55372, 24.00077, 356.359, 23.46447
6.6666, 3.16511, 15.04772, -37.53199, 23.32474, 356.7823, 24.2787
6.699933, 3.185948, 15.06083, -37.53836, 23.27704, 356.8226, 24.87466
6.733266, 3.111133, 15.06877, -37.50579, 23.80449, 356.0807, 24.32162
6.766599, 3.025716, 15.08243, -37.46341, 23.46495, 355.9539, 24.9802
6.799932, 2.988833, 15.07949, -37.4323, 22.97758, 356.3559, 25.40444
6.833265, 2.921529, 15.06804, -37.40306, 22.5521, 356.6049, 25.36615
6.866598, 2.843103, 15.06307, -37.38816, 22.17962, 356.5997, 25.43237
6.899931, 2.709264, 15.05232, -37.38159, 21.48879, 356.5041, 25.76958
6.933264, 2.643732, 15.07981, -37.39447, 21.14258, 356.5987, 25.86623
6.966597, 2.58308, 15.10279, -37.4002, 20.63589, 356.7456, 26.13162
6.99993, 2.523568, 15.13321, -37.42014, 20.25126, 357.0583, 26.35974
7.033263, 2.484949, 15.15868, -37.42232, 19.69239, 357.5002, 26.68213
7.066596, 2.405554, 15.20585, -37.40806, 18.49785, 358.8062, 27.51479
7.099929, 2.359408, 15.25613, -37.39547, 17.82195, 359.3938, 27.9488
7.133262, 2.320368, 15.27304, -37.39294, 16.91382, 359.9404, 28.33123
7.166595, 2.219342, 15.25717, -37.39504, 15.88138, 0.5400858, 28.07774
7.199928, 2.245404, 15.27714, -37.41672, 15.3076, 0.8745345, 29.09776
7.233261, 2.194897, 15.33186, -37.44315, 13.21064, 1.594329, 29.8919
7.266594, 2.175477, 15.34442, -37.49907, 12.30415, 2.036987, 30.38061
7.299927, 2.15755, 15.31148, -37.53793, 11.47626, 2.593597, 30.25671
7.33326, 2.147246, 15.31319, -37.61174, 11.12608, 3.188115, 30.35619
7.366593, 2.149534, 15.29488, -37.67273, 10.70661, 3.613688, 30.2101
7.399926, 2.135041, 15.2676, -37.80988, 9.538591, 4.389923, 30.2451
7.433259, 2.125843, 15.24418, -37.89413, 9.046143, 4.682635, 30.09378
7.466592, 2.120822, 15.23408, -37.99976, 8.565739, 4.905129, 30.13661
7.499925, 2.11531, 15.2098, -38.10453, 8.101002, 5.240937, 30.07483
7.533258, 2.107729, 15.18823, -38.23693, 7.714261, 5.513881, 29.93085
7.566591, 2.111484, 15.16593, -38.3717, 7.402643, 5.796347, 29.85524
7.599924, 2.090182, 15.1268, -38.6589, 6.832041, 6.376219, 29.73737
7.633257, 2.069795, 15.10995, -38.82244, 6.556602, 6.680262, 29.64725
7.66659, 2.067662, 15.07915, -38.97864, 6.145618, 6.912473, 29.63787
7.699923, 2.040699, 15.05749, -39.15337, 5.916903, 7.206641, 29.54055
7.733256, 2.025686, 15.02995, -39.32027, 5.599964, 7.338621, 29.53336
7.766589, 2.016356, 14.96832, -39.66602, 4.945563, 7.156619, 29.52494
7.799922, 2.008829, 14.92396, -39.84973, 4.804465, 7.137416, 29.23897
7.833255, 2.000345, 14.8926, -40.03532, 4.634508, 7.141835, 29.09249
7.866588, 1.991222, 14.86005, -40.23453, 4.433325, 7.091311, 29.01352
7.899921, 1.993401, 14.8236, -40.43317, 4.250402, 6.953235, 28.96322
7.933254, 2.006118, 14.76326, -40.84744, 3.886127, 6.737653, 28.855
7.966587, 2.020716, 14.72767, -41.05413, 3.697973, 6.765881, 28.79774
7.99992, 2.036703, 14.68321, -41.27171, 3.585317, 6.881072, 28.63547
8.033253, 2.054387, 14.63925, -41.48669, 3.47123, 7.030923, 28.47215
8.066586, 2.067427, 14.60313, -41.71181, 3.44513, 7.282336, 28.31705
8.099919, 2.111941, 14.5091, -42.16975, 3.530875, 7.679645, 27.83582
8.133252, 2.12979, 14.46467, -42.39969, 3.419873, 7.60752, 27.66599
8.166585, 2.135903, 14.42228, -42.63458, 3.35373, 7.501518, 27.56349
8.199918, 2.150607, 14.36088, -42.87207, 3.318437, 7.483319, 27.39128
8.233251, 2.155036, 14.32023, -43.11229, 3.337377, 7.544038, 27.1948
8.266584, 2.190421, 14.23168, -43.57428, 2.911883, 7.409062, 27.15959
8.299917, 2.210972, 14.17832, -43.79924, 2.669606, 7.357447, 27.1621
8.33325, 2.236469, 14.12006, -44.03121, 2.573303, 7.403606, 27.0231
8.366583, 2.251831, 14.06538, -44.25585, 2.434152, 7.420367, 26.87811
8.399916, 2.267335, 14.00518, -44.4748, 2.193414, 7.337052, 26.7407
8.433249, 2.318299, 13.89464, -44.90324, 1.761184, 7.407012, 26.63887
8.466582, 2.336302, 13.83521, -45.10875, 1.62808, 7.547065, 26.43038
8.499915, 2.359367, 13.78588, -45.31688, 1.382984, 7.579055, 26.45922
8.533248, 2.378973, 13.72603, -45.50983, 1.116058, 7.635518, 26.40604
8.566581, 2.388122, 13.66806, -45.70275, 0.8594922, 7.655215, 26.27884
8.599914, 2.411155, 13.56094, -46.09109, 0.4920194, 7.557837, 26.15274
8.633247, 2.417267, 13.50315, -46.27357, 0.2470654, 7.437473, 26.07789
8.66658, 2.420991, 13.45173, -46.46183, 0.04439783, 7.381527, 26.04249
8.699913, 2.418754, 13.40188, -46.64347, 359.7847, 7.320497, 25.96016
8.733246, 2.425653, 13.35869, -46.82101, 359.4982, 7.117653, 25.99487
8.766579, 2.435803, 13.26094, -47.1701, 359.0832, 6.780864, 25.9194
8.799911, 2.441337, 13.26633, -47.3296, 358.8876, 6.77104, 25.64924
8.833245, 2.426503, 13.27789, -47.45197, 358.7582, 6.565931, 25.93209
8.866578, 2.414951, 13.29752, -47.5885, 358.7185, 6.628603, 26.32086
8.899911, 2.39776, 13.32158, -47.66342, 358.9043, 6.579138, 26.5925
8.933244, 2.326973, 13.38802, -47.76602, 358.9059, 6.046762, 27.25896
8.966577, 2.292262, 13.41104, -47.79831, 358.7024, 5.400162, 27.61103
8.99991, 2.278107, 13.4154, -47.82085, 358.4812, 4.716157, 27.8575
9.033243, 2.26418, 13.40622, -47.84946, 358.2874, 4.141757, 27.91149
9.066576, 2.269283, 13.39469, -47.88818, 358.0829, 3.555735, 27.89025
9.099909, 2.331026, 13.37573, -48.00477, 357.7236, 2.961285, 27.79248
9.133242, 2.381079, 13.36354, -48.08501, 357.894, 3.044596, 27.55136
9.166574, 2.434089, 13.35756, -48.1689, 358.0545, 3.122739, 27.43304
9.199908, 2.490161, 13.36484, -48.25246, 358.1169, 3.334879, 27.52369
9.233241, 2.53827, 13.35861, -48.32045, 358.1471, 3.547123, 27.53568
9.266574, 2.602739, 13.34427, -48.42176, 358.3237, 3.764287, 27.44382
9.299907, 2.612859, 13.3455, -48.45441, 358.3797, 3.664538, 27.38151
9.33324, 2.627231, 13.3431, -48.47303, 358.3121, 3.439999, 27.40314
9.366573, 2.632137, 13.3422, -48.48198, 358.2827, 3.135743, 27.41107
9.399906, 2.636076, 13.34707, -48.48259, 358.1868, 2.855939, 27.47051
9.433239, 2.655107, 13.34522, -48.4935, 358.1727, 2.528309, 27.47304
9.466572, 2.669822, 13.34951, -48.47936, 358.1736, 2.422968, 27.50129
9.499905, 2.686719, 13.35788, -48.46081, 358.2051, 2.453851, 27.53934
9.533238, 2.70677, 13.36302, -48.43702, 358.2929, 2.523608, 27.45037
9.566571, 2.725128, 13.36508, -48.39144, 358.4258, 2.555166, 27.3856
9.599904, 2.756433, 13.36965, -48.3219, 358.6733, 2.578118, 27.18037
9.633237, 2.768054, 13.37188, -48.28654, 358.7811, 2.557221, 27.13744
9.66657, 2.785026, 13.36828, -48.25447, 358.8953, 2.525452, 27.02496
9.699903, 2.786009, 13.36063, -48.22628, 359.0341, 2.553789, 26.81424
9.733236, 2.790164, 13.36806, -48.20958, 359.1346, 2.518903, 26.72085
9.766569, 2.789361, 13.36515, -48.19937, 359.0972, 2.46675, 26.75044
9.799902, 2.789597, 13.3632, -48.18516, 359.1425, 2.417485, 26.67342
9.833235, 2.783921, 13.36039, -48.19927, 359.1256, 2.37926, 26.6842
9.866568, 2.775837, 13.36117, -48.22149, 359.0432, 2.334014, 26.78262
9.899901, 2.767247, 13.36149, -48.24588, 358.9614, 2.283849, 26.83742
9.933234, 2.760289, 13.35964, -48.2716, 358.928, 2.269476, 26.88483
9.966567, 2.749173, 13.35568, -48.32137, 358.8404, 2.197025, 27.00917
9.9999, 2.743855, 13.35403, -48.34274, 358.8038, 2.163356, 27.08595
10.03323, 2.738925, 13.35327, -48.3576, 358.7957, 2.186102, 27.07451
10.06657, 2.735401, 13.35072, -48.36913, 358.8066, 2.216625, 27.09988
10.0999, 2.727682, 13.35045, -48.37209, 358.7626, 2.181164, 27.14873
10.13323, 2.713463, 13.35314, -48.35962, 358.7622, 2.160809, 27.13197
10.16656, 2.705487, 13.35195, -48.34885, 358.8463, 2.199588, 27.09941
10.1999, 2.697472, 13.35478, -48.33833, 358.8129, 2.172731, 27.14126
10.23323, 2.69067, 13.35542, -48.33001, 358.8291, 2.136272, 27.09455
10.26656, 2.683985, 13.35569, -48.32388, 358.8652, 2.13155, 27.10159
10.2999, 2.668242, 13.36047, -48.31211, 358.8044, 2.106022, 27.18739
10.33323, 2.661366, 13.36387, -48.30791, 358.7641, 2.046686, 27.23678
10.36656, 2.657505, 13.36365, -48.30347, 358.7986, 2.045237, 27.21071
10.3999, 2.656294, 13.36464, -48.29944, 358.7647, 2.008544, 27.24091
10.43323, 2.656025, 13.37044, -48.29788, 358.7169, 1.99689, 27.3277
10.46656, 2.664681, 13.3634, -48.30508, 358.7802, 1.996208, 27.23487
10.4999, 2.671653, 13.36322, -48.31157, 358.7308, 1.993463, 27.24698
10.53323, 2.67896, 13.36085, -48.31989, 358.7957, 2.028718, 27.19661
10.56656, 2.688889, 13.35553, -48.32729, 358.8341, 2.086049, 27.12197
10.59989, 2.695178, 13.35238, -48.33699, 358.8201, 2.109291, 27.1443
10.63323, 2.701581, 13.35105, -48.34718, 358.8489, 2.089637, 27.1136
10.66656, 2.703381, 13.35464, -48.34804, 358.8533, 2.045241, 27.17646
10.69989, 2.705437, 13.35827, -48.34676, 358.834, 2.00174, 27.20206
10.73323, 2.709145, 13.3575, -48.34325, 358.8501, 2.022326, 27.17734
10.76656, 2.711957, 13.35752, -48.3387, 358.895, 2.062531, 27.13572
10.79989, 2.714553, 13.36046, -48.32408, 358.9077, 2.058865, 27.11349
10.83323, 2.718354, 13.35897, -48.31628, 358.9527, 2.102589, 27.055
10.86656, 2.71923, 13.35987, -48.30919, 358.9671, 2.101353, 27.07035
10.89989, 2.719043, 13.36178, -48.30251, 358.9749, 2.083258, 27.06362
10.93322, 2.718364, 13.36079, -48.29664, 359.0247, 2.0936, 27.00271
10.96656, 2.715794, 13.36056, -48.29324, 359.0105, 2.083894, 27.02188
10.99989, 2.71817, 13.36102, -48.28786, 359.0338, 2.170441, 26.95263
11.03322, 2.715474, 13.35711, -48.28864, 358.9957, 2.163, 26.95357
11.06656, 2.711518, 13.35727, -48.29394, 358.9546, 2.11783, 27.00523
11.09989, 2.707686, 13.35658, -48.29901, 358.9377, 2.095621, 26.99959
11.13322, 2.705428, 13.35652, -48.3126, 358.8913, 2.07406, 27.0669
11.16656, 2.704552, 13.35659, -48.32073, 358.8803, 2.107207, 27.07208
11.19989, 2.706848, 13.35295, -48.32516, 358.9153, 2.132074, 27.03445
11.23322, 2.708481, 13.35235, -48.32707, 358.9152, 2.126285, 27.03185
11.26655, 2.708798, 13.35321, -48.32924, 358.8949, 2.156686, 27.03902
11.29989, 2.713302, 13.3497, -48.33365, 358.9522, 2.19839, 26.99717
11.33322, 2.715786, 13.35092, -48.33604, 358.8737, 2.207622, 27.0398
11.36655, 2.71913, 13.34907, -48.33724, 358.8742, 2.255635, 27.02118
11.39989, 2.720755, 13.34988, -48.33607, 358.8097, 2.279781, 27.07127
11.43322, 2.718544, 13.35144, -48.33377, 358.8043, 2.280329, 27.0867
11.46655, 2.711468, 13.36216, -48.32732, 358.6429, 2.244132, 27.26047
11.49988, 2.709389, 13.36372, -48.32185, 358.7357, 2.23641, 27.21916
11.53322, 2.711607, 13.3671, -48.31572, 358.6624, 2.21047, 27.28906
11.56655, 2.712678, 13.36631, -48.31352, 358.6439, 2.163539, 27.30749
11.59988, 2.71052, 13.37307, -48.31498, 358.4927, 2.132358, 27.49487
11.63322, 2.699675, 13.38783, -48.32717, 358.2317, 1.985995, 27.8294
11.66655, 2.682625, 13.38951, -48.34058, 358.218, 1.79027, 27.96616
11.69988, 2.647137, 13.38928, -48.35284, 358.0969, 1.382382, 28.14
11.73322, 2.54007, 13.40305, -48.37459, 357.7324, 0.8358516, 28.5934
11.76655, 2.429045, 13.42216, -48.40952, 357.3365, 0.1936755, 29.16233
11.79988, 2.161385, 13.49129, -48.47054, 356.1134, 357.4148, 31.27583
11.83321, 2.022573, 13.54135, -48.54869, 355.7729, 355.4886, 32.71137
11.86655, 1.876215, 13.57597, -48.63358, 354.9143, 353.5482, 34.38638
11.89988, 1.725788, 13.59447, -48.74308, 354.1534, 351.8864, 35.87748
11.93321, 1.586242, 13.599, -48.86343, 353.3435, 350.3615, 37.1071
11.96655, 1.352731, 13.63032, -49.14022, 352.0158, 347.439, 39.46997
11.99988, 1.325401, 13.6053, -49.25887, 351.2933, 345.9701, 40.36477
12.03321, 1.357712, 13.58396, -49.38617, 350.9973, 345.348, 40.55698
12.06655, 1.472685, 13.56893, -49.48098, 350.7601, 345.8138, 40.12828
12.09988, 1.622864, 13.55499, -49.61073, 350.9966, 347.6162, 39.06239
12.13321, 1.909894, 13.57414, -49.86559, 350.1672, 350.0655, 38.26251
12.16654, 2.076752, 13.56331, -50.00477, 349.1789, 350.454, 38.68105
12.19988, 2.243886, 13.54832, -50.17905, 348.8044, 350.9706, 38.90391
12.23321, 2.423879, 13.52638, -50.34001, 348.4399, 351.534, 38.84773
12.26654, 2.573423, 13.51944, -50.50344, 347.7772, 352.0581, 39.19478
12.29988, 2.7156, 13.51212, -50.6841, 347.1886, 352.2978, 39.87927
12.33321, 2.893223, 13.4899, -51.02176, 346.0275, 351.8481, 40.97972
12.36654, 2.949492, 13.49354, -51.19498, 345.225, 351.4852, 41.88032
12.39988, 2.991789, 13.47223, -51.3487, 344.4264, 351.1488, 42.55918
12.43321, 3.020837, 13.46165, -51.48544, 343.7438, 350.6505, 43.16259
12.46654, 3.053408, 13.44625, -51.61114, 343.0856, 349.8264, 43.74127
12.49988, 3.105301, 13.42968, -51.83138, 342.193, 348.2283, 44.87326
12.53321, 3.116425, 13.41636, -51.91116, 341.7307, 347.6764, 45.10727
12.56654, 3.135408, 13.4228, -51.97343, 341.373, 347.0588, 45.53407
12.59987, 3.148352, 13.42683, -52.00538, 341.0036, 346.776, 46.02543
12.63321, 3.189474, 13.42278, -52.00347, 341.0215, 346.4859, 46.2813
12.66654, 3.252258, 13.44677, -51.94104, 341.481, 346.5384, 45.86443
12.69987, 3.287697, 13.4589, -51.85033, 341.7126, 346.7457, 45.63484
12.73321, 3.319241, 13.48032, -51.76713, 342.0905, 346.9647, 45.3258
12.76654, 3.374545, 13.50353, -51.65136, 342.3646, 347.1745, 44.92455
12.79987, 3.427202, 13.52867, -51.53234, 342.7604, 347.579, 44.47708
12.83321, 3.499665, 13.63508, -51.22424, 343.7094, 348.5594, 43.9204
12.86654, 3.523022, 13.68132, -51.02356, 344.0144, 349.0589, 43.65347
12.89987, 3.539933, 13.73619, -50.79607, 344.4782, 349.4818, 43.26667
12.9332, 3.53352, 13.8012, -50.56546, 344.9342, 349.6558, 43.06116
12.96654, 3.513647, 13.87517, -50.31489, 345.3454, 349.6504, 42.99757
12.99987, 3.391327, 14.01343, -49.75715, 346.2964, 349.7832, 42.30629
13.0332, 3.31141, 14.11368, -49.47224, 346.6684, 349.7643, 42.33228
13.06654, 3.217609, 14.19989, -49.15178, 347.2463, 349.7686, 42.34997
13.09987, 3.119776, 14.29648, -48.81634, 347.942, 349.6084, 42.23811
13.1332, 3.0128, 14.40121, -48.46468, 348.7733, 349.4138, 42.16918
13.16654, 2.761851, 14.58648, -47.77095, 350.2776, 349.4333, 42.28219
13.19987, 2.616423, 14.70555, -47.44106, 350.9076, 349.3721, 42.51655
13.2332, 2.473909, 14.8042, -47.13004, 351.3794, 349.2034, 42.974
13.26653, 2.34151, 14.8757, -46.81822, 351.7231, 349.1122, 43.38076
13.29987, 2.192513, 14.95183, -46.53865, 352.3426, 349.353, 43.38313
13.3332, 1.955965, 15.04696, -46.04443, 352.961, 349.0868, 43.99541
13.36653, 1.810981, 15.08243, -45.86975, 353.2368, 349.6426, 44.13623
13.39987, 1.633128, 15.14137, -45.71812, 353.449, 350.456, 44.63137
13.4332, 1.453672, 15.15951, -45.54304, 353.1143, 350.7285, 45.32612
13.46653, 1.292127, 15.13643, -45.42529, 353.0984, 351.1616, 45.85669
13.49986, 1.015614, 15.08072, -45.19268, 352.607, 353.8159, 46.1143
13.5332, 0.8917797, 15.03552, -45.09426, 351.8773, 355.2354, 46.02414
13.56653, 0.7651553, 14.99325, -45.03743, 351.1442, 356.5196, 45.94986
13.59986, 0.6912928, 14.94822, -44.99719, 350.3271, 357.8163, 45.68567
13.6332, 0.6761191, 14.86249, -44.96999, 349.8058, 359.0442, 45.62871
13.66653, 0.7466784, 14.65694, -45.01526, 349.1482, 1.500417, 44.03322
13.69986, 0.8284581, 14.52372, -45.05388, 348.9569, 2.420577, 43.2727
13.7332, 0.9215219, 14.38084, -45.10537, 348.6718, 3.450063, 42.36464
13.76653, 1.02721, 14.25115, -45.15461, 348.1974, 4.664584, 41.54089
13.79986, 1.144179, 14.0987, -45.20342, 347.9504, 6.071503, 40.7396
13.83319, 1.356217, 13.81567, -45.28728, 347.3511, 8.196617, 39.6698
13.86653, 1.40399, 13.72658, -45.2792, 347.0041, 9.346116, 38.2133
13.89986, 1.461505, 13.65806, -45.31078, 346.5664, 9.455947, 37.92888
13.93319, 1.472106, 13.58844, -45.32043, 346.3397, 8.950829, 38.35377
13.96653, 1.512885, 13.58488, -45.34504, 346.4584, 8.5213, 38.50091
13.99986, 1.448002, 13.51749, -45.37774, 346.3079, 8.290874, 37.65842
14.03319, 1.365518, 13.55154, -45.38223, 346.0161, 8.103114, 38.01635
14.06653, 1.319797, 13.58161, -45.37215, 345.7411, 7.640615, 38.42685
14.09986, 1.278306, 13.59344, -45.36533, 346.1079, 7.127851, 38.60699
14.13319, 1.218117, 13.61378, -45.35777, 346.6884, 6.909348, 38.34364
14.16652, 1.082994, 13.67291, -45.30349, 347.1194, 5.696768, 38.71316
14.19986, 1.019334, 13.68196, -45.26851, 347.2525, 5.110359, 38.65049
14.23319, 0.9830878, 13.68584, -45.23301, 347.4248, 4.599926, 38.41019
14.26652, 0.9643517, 13.68419, -45.20904, 347.7495, 4.128907, 37.89844
14.29986, 0.9387944, 13.68706, -45.1717, 348.0727, 3.886919, 37.55374
14.33319, 0.9493461, 13.68511, -45.07286, 348.5342, 3.821585, 36.76258
14.36652, 0.9878812, 13.67718, -45.02976, 348.9165, 3.931821, 36.16325
14.39986, 1.015396, 13.68379, -44.98717, 349.4202, 4.106084, 35.64911
14.43319, 1.085769, 13.68494, -44.93605, 349.6959, 4.693559, 35.14062
14.46652, 1.161902, 13.69003, -44.88541, 350.1465, 5.35615, 34.62239
14.49986, 1.270889, 13.68926, -44.83557, 350.7898, 5.977632, 33.91695
14.53319, 1.528226, 13.66254, -44.6945, 352.1844, 7.404656, 32.08156
14.56652, 1.694916, 13.63688, -44.63303, 353.2931, 8.390028, 30.7247
14.59985, 1.875535, 13.6122, -44.54781, 354.6223, 9.461273, 29.26842
14.63319, 2.053267, 13.59266, -44.46915, 355.961, 10.41015, 27.93009
14.66652, 2.237877, 13.54146, -44.3913, 357.266, 11.20497, 26.53987
14.69985, 2.56101, 13.47833, -44.19724, 359.9158, 12.41301, 23.95291
14.73319, 2.731232, 13.47149, -44.09495, 0.7618366, 12.12218, 23.20904
14.76652, 2.87607, 13.45479, -44.00454, 1.713001, 11.97143, 22.57876
14.79985, 3.019204, 13.43307, -43.90628, 2.778824, 11.88026, 21.86195
14.83319, 3.13414, 13.41117, -43.79528, 3.906313, 11.76345, 21.06321
14.86652, 3.367097, 13.448, -43.54901, 5.375931, 11.05948, 20.2942
14.89985, 3.451016, 13.46674, -43.41872, 6.131277, 10.48942, 20.09248
14.93318, 3.54958, 13.47812, -43.28697, 6.366343, 9.930466, 19.94904
14.96652, 3.625372, 13.49037, -43.17523, 6.956322, 9.606164, 19.62969
14.99985, 3.672995, 13.5418, -43.06376, 7.897034, 9.442376, 19.46271
15.03318, 3.782115, 13.62774, -42.82462, 8.806755, 8.551866, 19.23629
15.06652, 3.826107, 13.66615, -42.70197, 8.894058, 8.244314, 19.65187
15.09985, 3.866141, 13.68462, -42.58593, 9.02312, 8.002989, 19.80745
15.13318, 3.882696, 13.70281, -42.46795, 9.318867, 7.74926, 19.52457
15.16652, 3.903486, 13.72255, -42.36553, 9.712717, 7.3089, 19.27667
15.19985, 3.931907, 13.7517, -42.20297, 10.24967, 6.702563, 19.24058
15.23318, 3.92972, 13.76248, -42.15133, 10.42073, 6.625318, 19.20269
15.26651, 3.92972, 13.76248, -42.15133, 10.42073, 6.625318, 19.20269
15.29985, 3.921422, 13.79104, -42.05303, 10.57516, 6.222083, 19.35021
15.33318, 3.921422, 13.79104, -42.05303, 10.57516, 6.222083, 19.35021
15.36651, 3.862586, 13.80622, -41.88672, 10.81988, 6.098262, 19.4122
15.39985, 3.862586, 13.80622, -41.88672, 10.81988, 6.098262, 19.4122
15.43318, 3.615578, 13.8102, -42.09855, 9.356603, 5.017684, 20.16157
15.46651, 3.615578, 13.8102, -42.09855, 9.356603, 5.017684, 20.16157
15.49984, 3.615578, 13.8102, -42.09855, 9.356603, 5.017684, 20.16157
15.53318, 3.495537, 13.81721, -42.29222, 8.770126, 4.525547, 20.72215
15.56651, 3.495537, 13.81721, -42.29222, 8.770126, 4.525547, 20.72215
15.59984, 3.495537, 13.81721, -42.29222, 8.770126, 4.525547, 20.72215
15.63318, 3.398295, 13.83255, -42.28178, 8.477065, 4.284275, 21.06463
15.66651, 3.398295, 13.83255, -42.28178, 8.477065, 4.284275, 21.06463
15.69984, 3.349327, 13.85414, -42.24586, 8.304044, 4.167252, 21.28712
15.73318, 3.349327, 13.85414, -42.24586, 8.304044, 4.167252, 21.28712
15.76651, 3.349327, 13.85414, -42.24586, 8.304044, 4.167252, 21.28712
15.79984, 3.302378, 13.85626, -42.2371, 8.230326, 3.860409, 21.20861
15.83317, 3.302378, 13.85626, -42.2371, 8.230326, 3.860409, 21.20861
15.86651, 3.307749, 13.85014, -42.24773, 8.339186, 4.03826, 21.10684
15.89984, 3.304876, 13.85591, -42.25022, 8.235549, 4.019358, 21.18957
15.93317, 3.306105, 13.85448, -42.24948, 8.121287, 3.884843, 21.2455
15.96651, 3.316454, 13.85281, -42.2591, 8.205171, 3.859171, 21.20786
15.99984, 3.321775, 13.85071, -42.26905, 8.252645, 3.835373, 21.2286
16.03317, 3.321775, 13.85071, -42.26905, 8.252645, 3.835373, 21.2286
16.06651, 3.334454, 13.84744, -42.27998, 8.338504, 3.891962, 21.16824
16.09984, 3.343368, 13.8459, -42.29343, 8.409571, 3.879939, 21.15205
16.13317, 3.346856, 13.84062, -42.28776, 8.458567, 3.900264, 21.13005
16.16651, 3.348954, 13.8455, -42.27588, 8.399147, 3.975417, 21.16594
16.19984, 3.346452, 13.85843, -42.25534, 8.300286, 3.969059, 21.26131
16.23317, 3.346452, 13.85843, -42.25534, 8.300286, 3.969059, 21.26131
16.2665, 3.344005, 13.85693, -42.24241, 8.319168, 3.865252, 21.2645
16.29984, 3.344005, 13.85693, -42.24241, 8.319168, 3.865252, 21.2645
16.33317, 3.343144, 13.85941, -42.23807, 8.301559, 3.824978, 21.26608
16.3665, 3.343144, 13.85941, -42.23807, 8.301559, 3.824978, 21.26608
16.39984, 3.34339, 13.85484, -42.24677, 8.257038, 3.774681, 21.28931
16.43317, 3.34339, 13.85484, -42.24677, 8.257038, 3.774681, 21.28931
16.4665, 3.350311, 13.85119, -42.26041, 8.296087, 3.832802, 21.22922
16.49983, 3.350311, 13.85119, -42.26041, 8.296087, 3.832802, 21.22922
16.53317, 3.350311, 13.85119, -42.26041, 8.296087, 3.832802, 21.22922
16.5665, 3.345564, 13.86307, -42.26773, 8.177726, 3.762989, 21.38764
16.59983, 3.345564, 13.86307, -42.26773, 8.177726, 3.762989, 21.38764
16.63317, 3.335558, 13.86545, -42.27531, 8.129535, 3.757612, 21.4468
16.6665, 3.335558, 13.86545, -42.27531, 8.129535, 3.757612, 21.4468
16.69983, 3.3295, 13.86712, -42.27309, 8.133286, 3.741664, 21.48276
16.73317, 3.3295, 13.86712, -42.27309, 8.133286, 3.741664, 21.48276
16.7665, 3.324815, 13.86671, -42.2732, 8.06721, 3.731523, 21.50052
16.79983, 3.318978, 13.87177, -42.27589, 8.039762, 3.671345, 21.61241
16.83316, 3.318978, 13.87177, -42.27589, 8.039762, 3.671345, 21.61241
16.8665, 3.314603, 13.8675, -42.27404, 8.13321, 3.689584, 21.51836
16.89983, 3.306396, 13.87324, -42.26539, 8.02298, 3.609246, 21.6039
16.93316, 3.306396, 13.87324, -42.26539, 8.02298, 3.609246, 21.6039
16.9665, 3.30396, 13.86985, -42.26593, 8.035754, 3.584777, 21.59021
16.99983, 3.30396, 13.86985, -42.26593, 8.035754, 3.584777, 21.59021
17.03316, 3.308576, 13.86776, -42.27371, 8.043824, 3.581423, 21.55783
17.0665, 3.309244, 13.8672, -42.28566, 8.059924, 3.597059, 21.60907
17.09983, 3.304481, 13.87182, -42.29424, 8.010127, 3.589833, 21.62104
17.13316, 3.302731, 13.87601, -42.30206, 8.04881, 3.602935, 21.6504
17.16649, 3.302731, 13.87601, -42.30206, 8.04881, 3.602935, 21.6504
17.19983, 3.297943, 13.88038, -42.30437, 8.033921, 3.601718, 21.72255
17.23316, 3.292235, 13.88336, -42.30804, 8.077876, 3.5522, 21.75842
17.26649, 3.285679, 13.88587, -42.28983, 8.059068, 3.383703, 21.75136
17.29983, 3.279484, 13.88338, -42.27931, 8.05771, 3.265713, 21.72262
17.33316, 3.282758, 13.87848, -42.27284, 8.027084, 3.348196, 21.71102
17.36649, 3.296476, 13.87579, -42.26633, 8.085844, 3.586097, 21.62895
17.39983, 3.297708, 13.87579, -42.26082, 8.125493, 3.568089, 21.64225
17.43316, 3.297708, 13.87579, -42.26082, 8.125493, 3.568089, 21.64225
17.46649, 3.298993, 13.8768, -42.25547, 8.092227, 3.532929, 21.63337
17.49982, 3.297769, 13.87836, -42.25524, 8.111375, 3.443892, 21.66582
17.53316, 3.300963, 13.88164, -42.25805, 8.050573, 3.383663, 21.70344
17.56649, 3.300963, 13.88164, -42.25805, 8.050573, 3.383663, 21.70344
17.59982, 3.309116, 13.87636, -42.26078, 8.110867, 3.466458, 21.62545
17.63316, 3.319598, 13.8749, -42.26281, 8.17888, 3.516636, 21.60383
17.66649, 3.324409, 13.87337, -42.26156, 8.168944, 3.512722, 21.59299
17.69982, 3.32948, 13.87653, -42.25723, 8.152806, 3.505844, 21.56385
17.73316, 3.332265, 13.87718, -42.25412, 8.132252, 3.499904, 21.62941
17.76649, 3.337811, 13.87754, -42.25256, 8.086695, 3.505081, 21.62744
17.79982, 3.342577, 13.87178, -42.25292, 8.192932, 3.566563, 21.5356
17.83315, 3.350843, 13.86861, -42.25563, 8.18913, 3.563542, 21.49925
17.86649, 3.358312, 13.86539, -42.26295, 8.278095, 3.624271, 21.44912
17.89982, 3.358055, 13.86971, -42.26535, 8.241052, 3.59079, 21.48608
17.93315, 3.353084, 13.87412, -42.26919, 8.253885, 3.572071, 21.54251
17.96649, 3.348913, 13.88186, -42.26675, 8.227504, 3.469377, 21.58594
17.99982, 3.345665, 13.88443, -42.26036, 8.192242, 3.401685, 21.6285
18.03315, 3.346048, 13.87434, -42.24305, 8.282011, 3.439582, 21.55428
18.06649, 3.346059, 13.8721, -42.23463, 8.242536, 3.533803, 21.53098
18.09982, 3.344217, 13.87575, -42.22908, 8.229216, 3.695482, 21.56158
18.13315, 3.339643, 13.87617, -42.22702, 8.185218, 3.63675, 21.57608
18.16648, 3.337429, 13.87494, -42.23054, 8.165769, 3.55155, 21.56293
18.19982, 3.330965, 13.86894, -42.2539, 8.225478, 3.43301, 21.51661
18.23315, 3.328698, 13.86973, -42.26856, 8.199735, 3.416883, 21.55644
18.26648, 3.328033, 13.87245, -42.27806, 8.10713, 3.428772, 21.64407
18.29982, 3.327275, 13.87832, -42.2877, 8.150845, 3.513744, 21.66974
18.33315, 3.326422, 13.88141, -42.28541, 8.143462, 3.54026, 21.69813
18.36648, 3.323531, 13.87726, -42.27236, 8.188207, 3.455069, 21.67618
18.39982, 3.320245, 13.87411, -42.26859, 8.20059, 3.474448, 21.65853
18.43315, 3.323328, 13.87514, -42.26368, 8.151303, 3.524321, 21.69275
18.46648, 3.328187, 13.87673, -42.26358, 8.203301, 3.658059, 21.67706
18.49981, 3.331908, 13.87533, -42.2629, 8.169229, 3.636929, 21.66152
18.53315, 3.326907, 13.87625, -42.26907, 8.181252, 3.504774, 21.69684
18.56648, 3.323799, 13.88049, -42.26576, 8.186526, 3.459539, 21.69998
18.59981, 3.322014, 13.88217, -42.26297, 8.196211, 3.381, 21.70811
18.63315, 3.316716, 13.88459, -42.25444, 8.146811, 3.344007, 21.7653
18.66648, 3.318308, 13.87937, -42.25399, 8.165799, 3.422033, 21.73708
18.69981, 3.322861, 13.87766, -42.25547, 8.19541, 3.522044, 21.71927
18.73315, 3.328365, 13.8833, -42.25607, 8.120317, 3.594317, 21.74806
18.76648, 3.327311, 13.87985, -42.25686, 8.090662, 3.481413, 21.73083
18.79981, 3.328305, 13.87893, -42.2625, 8.128214, 3.390131, 21.71233
18.83315, 3.326541, 13.87627, -42.27117, 8.189609, 3.328548, 21.65836
18.86648, 3.325117, 13.87697, -42.27938, 8.158092, 3.349704, 21.69195
18.89981, 3.32633, 13.88294, -42.28721, 8.092307, 3.476459, 21.75692
18.93314, 3.325611, 13.8865, -42.28764, 8.057828, 3.539449, 21.83932
18.96648, 3.324645, 13.88188, -42.28637, 8.136817, 3.564812, 21.7474
18.99981, 3.323248, 13.87787, -42.2846, 8.175802, 3.496449, 21.69067
19.03314, 3.318294, 13.87988, -42.27986, 8.126454, 3.450283, 21.75723
19.06648, 3.314269, 13.87903, -42.27815, 8.167699, 3.41867, 21.70819
19.09981, 3.312177, 13.88332, -42.27491, 8.10324, 3.415046, 21.7871
19.13314, 3.316341, 13.87729, -42.2757, 8.182553, 3.464951, 21.72046
19.16648, 3.319555, 13.87749, -42.27252, 8.172597, 3.447131, 21.71231
19.19981, 3.318909, 13.88152, -42.26754, 8.179742, 3.458864, 21.71569
19.23314, 3.316602, 13.87922, -42.26168, 8.189203, 3.406443, 21.70485
19.26647, 3.31813, 13.87644, -42.25615, 8.184255, 3.367267, 21.67714
19.29981, 3.323184, 13.87989, -42.25696, 8.171731, 3.434675, 21.70136
19.33314, 3.325163, 13.88045, -42.25951, 8.156825, 3.496609, 21.7334
19.36647, 3.32591, 13.87959, -42.26247, 8.120962, 3.466108, 21.74188
19.39981, 3.325615, 13.87773, -42.27757, 8.125379, 3.369789, 21.72
19.43314, 3.328187, 13.88088, -42.28819, 8.155305, 3.369399, 21.75039
19.46647, 3.327465, 13.88073, -42.29354, 8.15244, 3.384754, 21.76107
19.49981, 3.326916, 13.88151, -42.29969, 8.183179, 3.406105, 21.77306
19.53314, 3.322478, 13.88187, -42.30248, 8.137324, 3.396939, 21.76676
19.56647, 3.320819, 13.8833, -42.30096, 8.117135, 3.410762, 21.77099
19.5998, 3.318008, 13.88427, -42.29309, 8.119179, 3.408553, 21.80627
19.63314, 3.314361, 13.88289, -42.28474, 8.140454, 3.378301, 21.77105
19.66647, 3.311476, 13.87959, -42.27654, 8.125093, 3.346207, 21.76665
19.6998, 3.313581, 13.87928, -42.27048, 8.15057, 3.388651, 21.73385
19.73314, 3.313936, 13.87668, -42.26741, 8.192849, 3.509245, 21.68363
19.76647, 3.307035, 13.88491, -42.25789, 8.078491, 3.498663, 21.80978
19.7998, 3.30285, 13.88639, -42.25865, 8.100718, 3.444649, 21.79107
19.83314, 3.295306, 13.88479, -42.26343, 8.086385, 3.34272, 21.80063
19.86647, 3.295332, 13.88582, -42.26813, 8.044354, 3.286804, 21.84587
19.8998, 3.295661, 13.88485, -42.27517, 8.062297, 3.320632, 21.79212
19.93313, 3.302777, 13.88794, -42.28679, 8.044411, 3.354974, 21.85847
19.96647, 3.306197, 13.88717, -42.29025, 8.074679, 3.340174, 21.86645
19.9998, 3.311533, 13.8831, -42.29262, 8.102324, 3.317658, 21.80695
20.03313, 3.314453, 13.88145, -42.29517, 8.111883, 3.357641, 21.78982
20.06647, 3.315933, 13.88169, -42.29488, 8.124587, 3.457412, 21.78283
20.0998, 3.304915, 13.88809, -42.29189, 8.010962, 3.395783, 21.89471
20.13313, 3.296317, 13.88599, -42.29357, 8.042933, 3.346878, 21.86483
20.16647, 3.291217, 13.88946, -42.29225, 8.056013, 3.289743, 21.86773
20.1998, 3.290314, 13.89178, -42.28977, 7.993329, 3.23647, 21.94537
20.23313, 3.291314, 13.89041, -42.28719, 8.024573, 3.254828, 21.90881
20.26646, 3.297467, 13.8862, -42.28627, 8.067944, 3.404941, 21.83982
20.2998, 3.296493, 13.89306, -42.28475, 8.039026, 3.459097, 21.90599
20.33313, 3.292116, 13.88872, -42.28555, 8.060908, 3.432306, 21.86413
20.36646, 3.29066, 13.88773, -42.28998, 8.026862, 3.311596, 21.85993
20.3998, 3.290657, 13.88783, -42.29565, 7.993298, 3.277508, 21.91688
20.43313, 3.293029, 13.88406, -42.30336, 8.028264, 3.312387, 21.85441
20.46646, 3.299839, 13.87749, -42.32139, 7.980606, 3.336807, 21.85663
20.49979, 3.299616, 13.881, -42.32995, 8.010016, 3.363427, 21.80397
20.53313, 3.291923, 13.89011, -42.33376, 7.935983, 3.373713, 22.00414
20.56646, 3.286968, 13.89324, -42.32816, 7.819469, 3.287864, 22.04938
20.59979, 3.282305, 13.89096, -42.32725, 7.906562, 3.245709, 21.98198
20.63313, 3.276402, 13.8935, -42.3218, 7.842518, 3.140541, 22.04536
20.66646, 3.273289, 13.89143, -42.32123, 7.80391, 3.118589, 22.07229
20.69979, 3.276251, 13.89026, -42.32725, 7.883479, 3.197483, 22.0215
20.73313, 3.279329, 13.88672, -42.33102, 7.945398, 3.338827, 21.9459
20.76646, 3.279918, 13.89001, -42.32814, 7.90907, 3.367307, 22.04024
20.79979, 3.274368, 13.89232, -42.31929, 7.874821, 3.312606, 22.01884
20.83312, 3.269638, 13.89072, -42.31109, 7.894817, 3.209657, 22.01343
20.86646, 3.267689, 13.88736, -42.30826, 7.894738, 3.212662, 21.95367
20.89979, 3.267689, 13.88736, -42.30826, 7.894738, 3.212662, 21.95367
20.93312, 3.266902, 13.88992, -42.31123, 7.868197, 3.292449, 21.98951
20.96646, 3.265872, 13.89247, -42.31399, 7.783238, 3.356664, 22.05639
20.99979, 3.263511, 13.89398, -42.3205, 7.805454, 3.358615, 22.04635
21.03312, 3.264678, 13.89342, -42.32316, 7.838054, 3.31012, 22.01703
21.06646, 3.265093, 13.89186, -42.32434, 7.842566, 3.226462, 22.04039
21.09979, 3.264534, 13.89343, -42.32613, 7.828075, 3.211089, 22.07284
21.13312, 3.262629, 13.89074, -42.32773, 7.868702, 3.301193, 22.03273
21.16645, 3.26007, 13.89671, -42.3264, 7.815362, 3.308413, 22.12194
21.19979, 3.256137, 13.89418, -42.32491, 7.772982, 3.27268, 22.09721
21.23312, 3.249166, 13.89212, -42.32596, 7.793566, 3.22671, 22.09363
21.26645, 3.247441, 13.89261, -42.32695, 7.793419, 3.145279, 22.09331
21.29979, 3.247287, 13.89147, -42.32816, 7.783412, 3.116346, 22.1061
21.33312, 3.247558, 13.88998, -42.3289, 7.815527, 3.156665, 22.07608
21.36645, 3.248152, 13.89109, -42.32945, 7.826629, 3.217528, 22.05383
21.39979, 3.24969, 13.8959, -42.3272, 7.795251, 3.296504, 22.10392
21.43312, 3.247672, 13.89598, -42.32721, 7.826079, 3.312051, 22.09832
21.46645, 3.240434, 13.89545, -42.33128, 7.716686, 3.07035, 22.11764
21.49978, 3.238183, 13.89665, -42.335, 7.772758, 3.08928, 22.17148
21.53312, 3.238358, 13.89205, -42.33757, 7.74872, 3.070731, 22.12718
21.56645, 3.240092, 13.89052, -42.34523, 7.76362, 3.094366, 22.11746
21.59978, 3.24394, 13.89348, -42.35315, 7.742374, 3.196983, 22.14146
21.63312, 3.247202, 13.9001, -42.3569, 7.741502, 3.397388, 22.20104
21.66645, 3.240379, 13.9029, -42.35061, 7.722293, 3.267286, 22.24498
21.69978, 3.233984, 13.90328, -42.34106, 7.714163, 3.061157, 22.22233
21.73312, 3.228911, 13.90081, -42.33025, 7.715747, 2.930066, 22.18262
21.76645, 3.233417, 13.89723, -42.32429, 7.726347, 2.986, 22.16814
21.79978, 3.253094, 13.88937, -42.32587, 7.872445, 3.31269, 22.02532
21.83311, 3.255666, 13.88998, -42.32644, 7.871142, 3.397096, 22.09111
21.86645, 3.25143, 13.89643, -42.32068, 7.774862, 3.3032, 22.14707
21.89978, 3.244485, 13.90209, -42.31943, 7.725672, 3.229191, 22.18506
21.93311, 3.24053, 13.89978, -42.3178, 7.777861, 3.094875, 22.1472
21.96645, 3.245945, 13.89527, -42.32323, 7.776889, 3.041796, 22.12086
21.99978, 3.253446, 13.89216, -42.33038, 7.824837, 3.134343, 22.09521
22.03311, 3.257803, 13.89419, -42.33361, 7.748887, 3.17796, 22.15137
22.06645, 3.259282, 13.89891, -42.33676, 7.735649, 3.203542, 22.1874
22.09978, 3.256379, 13.89746, -42.34268, 7.769001, 3.215516, 22.15132
22.13311, 3.251851, 13.8957, -42.34639, 7.788302, 3.165198, 22.15804
22.16644, 3.239163, 13.89969, -42.34309, 7.760487, 3.043995, 22.18198
22.19978, 3.229465, 13.90072, -42.34098, 7.70957, 3.058819, 22.21269
22.23311, 3.223853, 13.90283, -42.342, 7.716301, 3.14792, 22.27449
22.26644, 3.222456, 13.90286, -42.34052, 7.711508, 3.188629, 22.2515
22.29978, 3.21256, 13.90823, -42.33949, 7.710865, 3.116088, 22.30712
22.33311, 3.208426, 13.90666, -42.33676, 7.772806, 3.125783, 22.24656
22.36644, 3.204545, 13.90497, -42.33638, 7.76747, 3.094016, 22.23842
22.39978, 3.201285, 13.90512, -42.33998, 7.715583, 3.058419, 22.27749
22.43311, 3.201055, 13.90688, -42.34223, 7.664307, 3.07549, 22.30818
22.46644, 3.202682, 13.90793, -42.34818, 7.645846, 3.165944, 22.33177
22.49977, 3.197983, 13.90695, -42.35571, 7.593311, 3.199532, 22.32908
22.53311, 3.186724, 13.90619, -42.37143, 7.576853, 3.088113, 22.4017
22.56644, 3.183919, 13.91336, -42.37299, 7.523546, 3.06514, 22.49009
22.59977, 3.18105, 13.92084, -42.37372, 7.518225, 3.078223, 22.58696
22.63311, 3.176851, 13.91752, -42.36887, 7.528504, 3.038032, 22.53622
22.66644, 3.179079, 13.91399, -42.36777, 7.510664, 3.028058, 22.54001
22.69977, 3.182621, 13.91718, -42.36674, 7.519768, 3.129955, 22.5456
22.73311, 3.183649, 13.91878, -42.366, 7.576372, 3.263522, 22.55277
22.76644, 3.181342, 13.92424, -42.36311, 7.453922, 3.177539, 22.62952
22.79977, 3.174196, 13.92628, -42.35923, 7.408524, 3.114976, 22.65236
22.83311, 3.164988, 13.92108, -42.34916, 7.482874, 3.03351, 22.63609
22.86644, 3.165033, 13.92375, -42.34303, 7.436452, 2.994766, 22.69282
22.89977, 3.167428, 13.92937, -42.33759, 7.365842, 3.014179, 22.74295
22.9331, 3.170528, 13.93019, -42.33871, 7.376984, 3.045413, 22.76163
22.96644, 3.173013, 13.93112, -42.3358, 7.356853, 3.052648, 22.78176
22.99977, 3.173914, 13.92914, -42.34261, 7.369359, 2.992186, 22.76394
23.0331, 3.174884, 13.93009, -42.34408, 7.374412, 2.969678, 22.78459
23.06644, 3.175493, 13.92798, -42.34787, 7.311644, 2.952674, 22.80415
23.09977, 3.174067, 13.92761, -42.35333, 7.340819, 2.972328, 22.77815
23.1331, 3.173335, 13.92797, -42.35891, 7.33226, 3.041854, 22.79811
23.16644, 3.170758, 13.93238, -42.36098, 7.281927, 3.045392, 22.85991
23.19977, 3.16546, 13.93603, -42.35921, 7.269472, 2.983169, 22.90082
23.2331, 3.163369, 13.93229, -42.35625, 7.297518, 2.915077, 22.86797
23.26643, 3.163799, 13.92701, -42.3532, 7.320951, 2.883074, 22.81045
23.29977, 3.164011, 13.92414, -42.35162, 7.359795, 2.94575, 22.77568
23.3331, 3.161562, 13.93362, -42.35196, 7.331872, 3.038629, 22.84275
23.36643, 3.156407, 13.93361, -42.34914, 7.241447, 3.032785, 22.87351
23.39977, 3.153143, 13.93162, -42.34865, 7.286417, 3.014606, 22.83081
23.4331, 3.149107, 13.92816, -42.3484, 7.286339, 2.918401, 22.83433
23.46643, 3.146842, 13.9254, -42.34903, 7.321013, 2.788482, 22.80266
23.49977, 3.143971, 13.93367, -42.35677, 7.213722, 2.893197, 22.92064
23.5331, 3.145748, 13.93947, -42.36236, 7.211575, 2.997978, 22.99619
23.56643, 3.144508, 13.94215, -42.36634, 7.181411, 3.011613, 23.01355
23.59976, 3.138848, 13.94291, -42.36529, 7.170956, 2.913711, 23.00732
23.6331, 3.132985, 13.94581, -42.36102, 7.171028, 2.747913, 23.02075
23.66643, 3.129078, 13.94638, -42.35478, 7.164181, 2.619726, 23.0312
23.69976, 3.12969, 13.94235, -42.3513, 7.132955, 2.632372, 22.9632
23.7331, 3.133828, 13.94023, -42.35479, 7.133559, 2.755346, 23.0188
23.76643, 3.13412, 13.94322, -42.35529, 7.131567, 2.893578, 23.08515
23.79976, 3.131259, 13.94825, -42.35208, 7.087492, 2.862605, 23.09266
23.8331, 3.121562, 13.95197, -42.34263, 7.016525, 2.606551, 23.15397
23.86643, 3.121061, 13.94558, -42.34458, 7.107447, 2.645161, 23.03386
23.89976, 3.120975, 13.94062, -42.34974, 7.156432, 2.705602, 22.9842
23.93309, 3.116756, 13.94181, -42.35192, 7.10596, 2.742877, 23.04432
23.96643, 3.115352, 13.94277, -42.35625, 6.995022, 2.801772, 23.11051
23.99976, 3.112082, 13.94702, -42.36138, 6.943208, 2.784949, 23.13023
24.03309, 3.113201, 13.95458, -42.36459, 6.911631, 2.703186, 23.29016
24.06643, 3.117366, 13.94655, -42.36641, 6.945516, 2.758251, 23.1656
24.09976, 3.120299, 13.94396, -42.36954, 6.961627, 2.735858, 23.17967
24.13309, 3.109711, 13.94577, -42.37084, 6.938336, 2.748991, 23.18316
24.16643, 3.099065, 13.95113, -42.36897, 6.785048, 2.656479, 23.31155
24.19976, 3.092492, 13.95301, -42.36517, 6.772507, 2.576669, 23.30206
24.23309, 3.088786, 13.95195, -42.35919, 6.735475, 2.564724, 23.30429
24.26642, 3.090244, 13.94925, -42.35924, 6.828019, 2.652109, 23.22666
24.29976, 3.09389, 13.94623, -42.35791, 6.923832, 2.769574, 23.19598
24.33309, 3.08776, 13.95346, -42.35435, 6.840188, 2.754246, 23.27052
24.36642, 3.083898, 13.95432, -42.35268, 6.843683, 2.722062, 23.27171
24.39976, 3.0837, 13.95664, -42.35062, 6.797554, 2.65161, 23.32271
24.43309, 3.086012, 13.9546, -42.34737, 6.85322, 2.610128, 23.26971
24.46642, 3.091701, 13.9486, -42.35041, 6.898624, 2.654458, 23.20618
24.49975, 3.0949, 13.94796, -42.35399, 6.959949, 2.78838, 23.16296
24.53309, 3.089854, 13.95672, -42.35588, 6.816252, 2.708565, 23.33188
24.56642, 3.08186, 13.96465, -42.35439, 6.714775, 2.612121, 23.45913
24.59975, 3.077569, 13.96778, -42.35455, 6.654443, 2.5487, 23.53056
24.63309, 3.074413, 13.96816, -42.35969, 6.591831, 2.487519, 23.54183
24.66642, 3.076271, 13.97056, -42.36717, 6.54721, 2.511482, 23.64371
24.69975, 3.073992, 13.97457, -42.37946, 6.380066, 2.550969, 23.83554
24.73309, 3.044778, 13.99572, -42.38865, 5.906584, 2.230917, 24.29126
24.76642, 3.004206, 14.02134, -42.38448, 5.211307, 1.576016, 24.91102
24.79975, 2.918365, 14.06634, -42.36715, 4.333493, 0.6449147, 25.7401
24.83308, 2.828061, 14.10921, -42.37528, 3.537796, 359.7809, 26.51975
24.86642, 2.612824, 14.16199, -42.36642, 1.016348, 357.2136, 28.50204
24.89975, 2.491817, 14.19419, -42.39273, 0.03654696, 356.3644, 29.63859
24.93308, 2.360499, 14.22375, -42.47689, 359.7294, 355.8115, 30.45085
24.96642, 2.230524, 14.22138, -42.5107, 358.9313, 355.0917, 30.98577
24.99975, 2.140354, 14.25166, -42.53691, 357.9846, 353.9128, 31.91367
25.03308, 1.932577, 14.37535, -42.62378, 355.4062, 350.9093, 35.30201
25.06642, 1.827552, 14.40067, -42.70527, 354.3911, 349.5718, 36.80763
25.09975, 1.749307, 14.41436, -42.81268, 353.8728, 348.5571, 37.81293
25.13308, 1.668792, 14.40988, -42.93523, 353.4683, 347.789, 38.4585
25.16641, 1.60922, 14.40524, -43.04038, 352.8948, 347.0609, 38.98859
25.19975, 1.490817, 14.38659, -43.2673, 351.277, 344.5636, 39.93835
25.23308, 1.445557, 14.4006, -43.41331, 350.4414, 342.6213, 40.90149
25.26641, 1.404155, 14.42336, -43.57799, 349.689, 340.6413, 42.06551
25.29975, 1.365189, 14.42012, -43.7519, 349.0143, 338.7686, 43.03456
25.33308, 1.380718, 14.42459, -43.97666, 348.7543, 337.1321, 43.93457
25.36641, 1.411892, 14.40805, -44.19373, 348.336, 335.7906, 44.57262
25.39975, 1.547873, 14.36046, -44.62165, 347.8966, 333.8326, 44.68285
25.43308, 1.654896, 14.33065, -44.84354, 347.7869, 332.8775, 44.75637
25.46641, 1.778792, 14.33983, -45.02544, 347.7764, 331.6254, 44.97131
25.49974, 1.929607, 14.31968, -45.22324, 347.8087, 330.1749, 45.17352
25.53308, 2.088354, 14.30992, -45.41154, 347.6434, 328.8125, 45.37312
25.56641, 2.464122, 14.25203, -45.78552, 347.4571, 326.7246, 45.12748
25.59974, 2.641116, 14.24294, -45.93346, 347.3044, 325.5204, 45.2421
25.63308, 2.843334, 14.24558, -46.08131, 347.2718, 323.9774, 45.56527
25.66641, 3.014174, 14.21387, -46.22013, 347.0148, 322.5923, 45.70198
25.69974, 3.213811, 14.17787, -46.34509, 346.7985, 321.5418, 45.64758
25.73308, 3.633078, 14.12944, -46.58313, 346.4517, 319.8808, 45.64726
25.76641, 3.848539, 14.07086, -46.7002, 346.1949, 319.9593, 45.12634
25.79974, 4.061673, 14.03245, -46.80473, 346.274, 319.8141, 44.36274
25.83307, 4.47446, 13.95099, -47.01919, 346.3284, 319.0946, 43.63148
25.86641, 4.649303, 13.91943, -47.10956, 346.4194, 318.8025, 43.41592
25.89974, 4.818601, 13.86226, -47.18884, 346.4126, 318.4872, 42.93822
25.93307, 4.987548, 13.8166, -47.28917, 346.5644, 318.1493, 42.34314
25.96641, 5.128275, 13.76808, -47.37072, 346.5485, 318.0721, 42.02894
25.99974, 5.277447, 13.7349, -47.45399, 346.6349, 318.233, 41.85231
26.03307, 5.397044, 13.68611, -47.50955, 346.6362, 318.3076, 41.52205
26.06641, 5.569708, 13.62887, -47.63161, 346.6614, 317.8367, 41.09353
26.09974, 5.626054, 13.58767, -47.68172, 346.6822, 317.7564, 40.91854
26.13307, 5.698658, 13.56089, -47.74116, 346.8328, 317.6612, 40.71444
26.1664, 5.754919, 13.53249, -47.77456, 346.8781, 317.6253, 40.56109
26.19974, 5.790658, 13.50124, -47.80412, 347.2402, 317.3735, 40.26577
26.23307, 5.78595, 13.50495, -47.84608, 347.2267, 317.5659, 40.35908
26.2664, 5.7731, 13.5111, -47.83404, 347.3802, 317.841, 40.30609
26.29974, 5.787603, 13.49644, -47.85304, 347.6213, 318.0857, 40.07237
26.33307, 5.737774, 13.48652, -47.83293, 347.8616, 318.2733, 39.61074
26.3664, 5.611212, 13.51442, -47.78059, 347.8043, 318.2426, 39.67849
26.39974, 5.455164, 13.55019, -47.70585, 347.8118, 317.4177, 40.1476
26.43307, 5.380903, 13.56157, -47.68448, 347.9042, 317.3249, 40.33882
26.4664, 5.304352, 13.57635, -47.64761, 347.9338, 317.2259, 40.50775
26.49973, 5.229719, 13.60577, -47.61706, 347.9931, 317.228, 40.59806
26.53307, 5.163101, 13.61873, -47.58211, 348.0997, 317.2942, 40.80244
26.5664, 5.047998, 13.61989, -47.48614, 348.3105, 317.8293, 40.58539
26.59973, 5.000175, 13.62052, -47.42137, 348.4264, 318.1836, 40.43509
26.63307, 4.948459, 13.62597, -47.36298, 348.5761, 318.5886, 40.15688
26.6664, 4.895282, 13.62457, -47.29695, 348.8847, 319.0287, 39.80009
26.69973, 4.860074, 13.60744, -47.20872, 349.4505, 319.3582, 39.15518
26.73307, 4.751758, 13.60054, -47.09185, 350.0408, 319.911, 37.89495
26.7664, 4.685233, 13.64079, -47.02391, 349.9515, 319.8157, 38.24293
26.79973, 4.613117, 13.67865, -46.96923, 349.8831, 319.3125, 38.6998
26.83307, 4.556488, 13.69683, -46.94154, 349.7906, 318.952, 39.13511
26.8664, 4.512409, 13.70244, -46.91116, 349.7735, 318.8586, 39.29454
26.89973, 4.453128, 13.69969, -46.90031, 349.8728, 319.3308, 39.09253
26.93306, 4.430825, 13.71495, -46.89171, 349.959, 319.4427, 39.04973
26.9664, 4.415806, 13.72711, -46.88277, 349.9215, 319.2985, 39.15138
26.99973, 4.410537, 13.7489, -46.9002, 349.9362, 319.118, 39.3928
27.03306, 4.392808, 13.75236, -46.8922, 349.9361, 319.1091, 39.49047
27.0664, 4.459275, 13.74548, -46.89539, 349.9541, 319.3795, 39.32267
27.09973, 4.505222, 13.74879, -46.89042, 350.0257, 319.6398, 39.26836
27.13306, 4.583214, 13.71655, -46.87483, 350.0502, 320.0337, 38.88335
27.1664, 4.627057, 13.69697, -46.86294, 350.1634, 320.4627, 38.43029
27.19973, 4.662529, 13.67883, -46.85337, 350.1954, 320.9126, 37.9809
27.23306, 4.719373, 13.68205, -46.80602, 350.2943, 321.243, 37.6206
27.26639, 4.723223, 13.67309, -46.79348, 350.2649, 321.3361, 37.42973
27.29973, 4.738279, 13.67306, -46.76497, 350.3166, 321.5775, 37.2036
27.33306, 4.76177, 13.67636, -46.72228, 350.5707, 321.8739, 36.96382
27.36639, 4.767219, 13.67085, -46.67997, 350.757, 322.1559, 36.7255
27.39972, 4.798169, 13.64977, -46.60025, 351.1143, 323.1342, 35.8184
27.43306, 4.809066, 13.63127, -46.55569, 351.4941, 323.7279, 35.20857
27.46639, 4.81428, 13.61801, -46.49249, 351.586, 324.4299, 34.70569
27.49973, 4.828415, 13.60193, -46.34423, 351.9198, 325.638, 33.81136
27.53306, 4.838019, 13.59985, -46.2626, 352.2541, 326.2518, 33.38168
27.56639, 4.816726, 13.60035, -46.24409, 352.1695, 326.4648, 33.4178
27.59972, 4.8083, 13.58593, -46.06753, 353.331, 328.2641, 32.38231
27.63306, 4.79916, 13.57004, -45.96395, 353.791, 329.1767, 31.71053
27.66639, 4.78124, 13.54616, -45.85127, 354.206, 330.2285, 30.9465
27.69972, 4.763133, 13.52504, -45.74135, 354.8268, 331.3241, 30.1214
27.73306, 4.679147, 13.53905, -45.57777, 356.3525, 334.3308, 28.90108
27.76639, 4.633233, 13.55108, -45.46825, 357.1396, 335.5711, 28.69933
27.79972, 4.548408, 13.58198, -45.38205, 357.6363, 336.776, 28.50502
27.83306, 4.487811, 13.61911, -45.29449, 358.278, 337.9772, 28.62089
27.86639, 4.431773, 13.63341, -45.2312, 359.2804, 339.5354, 28.43482
27.89972, 4.315785, 13.66044, -45.04932, 0.8452869, 343.1601, 27.76431
27.93305, 4.242688, 13.6669, -44.92376, 0.7684979, 344.1892, 27.67658
27.96639, 4.158242, 13.67531, -44.81394, 0.507716, 344.7464, 27.73103
27.99972, 4.062212, 13.68369, -44.70947, 0.3656246, 345.2613, 27.69561
28.03305, 3.980864, 13.67912, -44.60279, 0.404275, 345.8983, 27.67142
28.06639, 3.888525, 13.68241, -44.50871, 0.6705096, 346.7401, 27.53925
28.09972, 3.66661, 13.68246, -44.28664, 1.032425, 348.5252, 26.99517
28.13305, 3.560318, 13.68795, -44.18242, 1.050057, 349.2177, 27.12183
28.16639, 3.468503, 13.69056, -44.06718, 1.011379, 349.9051, 27.06621
28.19972, 3.368877, 13.68387, -43.97271, 1.202155, 350.6868, 26.86191
28.23305, 3.140498, 13.69773, -43.76096, 1.264157, 352.1267, 26.75422
28.26638, 3.035243, 13.71482, -43.66388, 1.188776, 352.6953, 26.89677
28.29972, 2.922065, 13.71889, -43.54896, 1.194901, 353.3591, 26.86239
28.33305, 2.813916, 13.72394, -43.44258, 1.275385, 353.9231, 26.84002
28.36638, 2.708025, 13.72574, -43.30972, 1.36249, 354.3997, 26.74457
28.39972, 2.53398, 13.72754, -43.04229, 1.41095, 355.0063, 26.65519
28.43305, 2.440431, 13.74425, -42.8883, 1.802183, 355.4422, 26.36149
28.46638, 2.372807, 13.7587, -42.72134, 2.049478, 355.6743, 26.22718
28.49971, 2.302188, 13.76703, -42.55465, 2.174378, 355.7599, 26.08795
28.53305, 2.247756, 13.77012, -42.39041, 2.42053, 355.8706, 25.90007
28.56638, 2.219387, 13.77893, -42.23445, 2.803042, 356.039, 25.57656
28.59971, 2.149299, 13.81978, -41.9383, 3.538161, 356.385, 24.85787
28.63305, 2.162527, 13.86496, -41.80071, 3.901494, 356.5672, 25.01822
28.66638, 2.128496, 13.91253, -41.67773, 4.243764, 356.927, 25.11674
28.69971, 2.109761, 13.94172, -41.52843, 4.434056, 357.1458, 25.18133
28.73305, 2.076643, 13.98285, -41.4036, 4.770462, 357.4263, 25.19603
28.76638, 2.002999, 14.11285, -41.06739, 5.416962, 357.1071, 25.74365
28.79971, 1.961528, 14.15741, -40.88832, 5.487307, 356.7244, 26.04985
28.83304, 1.904961, 14.21023, -40.70374, 5.854974, 356.446, 26.15541
28.86638, 1.84508, 14.25628, -40.50059, 6.313933, 356.1512, 26.18158
28.89971, 1.790334, 14.30033, -40.2928, 6.737104, 355.8575, 26.25912
28.93304, 1.726573, 14.37226, -39.83942, 7.333635, 355.2149, 26.44006
28.96638, 1.711421, 14.39461, -39.61983, 7.727489, 355.1449, 26.37404
28.99971, 1.729215, 14.42926, -39.38796, 8.207707, 355.2585, 26.24083
29.03304, 1.739447, 14.45909, -39.17081, 8.692791, 355.4271, 26.12291
29.06638, 1.765124, 14.48524, -38.96043, 9.396894, 355.6169, 25.93306
29.09971, 1.785773, 14.54584, -38.54965, 10.36319, 355.6498, 25.65973
29.13304, 1.793401, 14.63361, -38.15954, 11.1608, 355.8151, 25.80637
29.16637, 1.787978, 14.6793, -37.96445, 11.38159, 355.9475, 26.12632
29.19971, 1.786143, 14.68389, -37.97121, 11.22093, 355.8454, 26.36703
29.23304, 1.775707, 14.72211, -37.78974, 11.42384, 355.739, 26.65108
29.26637, 1.791611, 14.79311, -37.423, 11.63069, 355.501, 27.19534
29.29971, 1.788544, 14.82485, -37.24946, 11.92412, 355.6422, 27.36893
29.33304, 1.767477, 14.85521, -37.07856, 12.052, 355.878, 27.66739
29.36637, 1.700996, 14.90971, -36.9099, 12.1658, 356.1157, 28.09328
29.39971, 1.691868, 14.9245, -36.70443, 11.95838, 355.6822, 28.61966
29.43304, 1.689476, 14.93929, -36.3408, 12.55731, 354.7673, 28.40261
29.46637, 1.710972, 14.94693, -36.14199, 12.62471, 354.5539, 28.48119
29.4997, 1.70405, 14.9608, -35.96477, 12.72109, 354.6125, 28.58002
29.53304, 1.718967, 14.96485, -35.79544, 12.95869, 354.8593, 28.55375
29.56637, 1.72506, 14.99552, -35.62889, 13.3604, 354.9118, 28.51972
29.5997, 1.710986, 15.03235, -35.29509, 13.9117, 354.8857, 29.11309
29.63304, 1.661202, 15.05527, -35.10637, 14.39044, 354.9716, 29.26755
29.66637, 1.604424, 15.08568, -34.88646, 14.80382, 354.7155, 29.44626
29.6997, 1.49952, 15.10277, -34.64829, 15.09747, 354.2495, 29.81
29.73304, 1.403362, 15.11537, -34.37938, 15.51792, 353.5399, 30.13616
29.76637, 1.158542, 15.17021, -33.7735, 16.71767, 352.4248, 30.6184
29.7997, 1.047799, 15.12098, -33.45057, 17.33015, 351.8673, 31.26361
29.83303, 0.9757335, 15.10395, -33.15892, 17.78789, 352.0085, 31.51758
29.86637, 0.842268, 15.07345, -32.86225, 18.64467, 352.3591, 31.0498
29.8997, 0.7511837, 15.02481, -32.57801, 18.89926, 351.6225, 31.02562
29.93303, 0.6367502, 15.01588, -32.14478, 19.99458, 352.0177, 31.67967
29.96637, 0.5887485, 15.00083, -31.94743, 20.86181, 352.5248, 31.96675
29.9997, 0.5446253, 15.01268, -31.77101, 21.4152, 353.029, 32.54918
30.03303, 0.4879341, 14.99399, -31.61781, 22.03906, 353.5926, 32.81078
30.06637, 0.4475479, 14.98062, -31.46981, 22.58953, 354.0534, 33.03717
30.0997, 0.3591928, 14.95809, -31.25255, 23.58479, 354.6022, 33.57577
30.13303, 0.2870073, 14.95936, -31.20431, 23.91728, 354.4579, 33.59816
30.16636, 0.2468476, 14.96382, -31.14643, 23.94004, 353.954, 33.78962
30.1997, 0.1982098, 14.97601, -31.12953, 23.78568, 353.4573, 33.8837
30.23303, 0.1678963, 15.00052, -31.11912, 23.56512, 352.9556, 34.07851
30.26636, 0.1611841, 15.03143, -31.18567, 22.87318, 353.199, 34.55784
30.2997, 0.1654823, 15.04069, -31.23948, 22.54016, 353.4613, 34.68528
30.33303, 0.1964226, 15.05029, -31.30329, 22.06596, 353.2798, 34.76395
30.36636, 0.2223034, 15.07032, -31.4154, 21.70782, 353.3131, 34.69276
30.3997, 0.282032, 15.08913, -31.52141, 21.18338, 353.334, 34.88805
30.43303, 0.3308587, 15.10361, -31.66292, 20.72108, 353.7401, 34.90606
30.46636, 0.4651475, 15.13402, -31.96568, 19.86728, 354.046, 34.68927
30.49969, 0.5558686, 15.14715, -32.15651, 19.23376, 354.2753, 34.7362
30.53303, 0.6275234, 15.14392, -32.38846, 18.88066, 355.0676, 34.43218
30.56636, 0.6896911, 15.15942, -32.62061, 18.22652, 355.5429, 34.22601
30.59969, 0.8318963, 15.18784, -33.18903, 16.37971, 356.562, 34.32977
30.63303, 0.880353, 15.19718, -33.50764, 15.61413, 357.4091, 34.2852
30.66636, 0.8956499, 15.21769, -33.83231, 14.66081, 357.9836, 34.38344
30.69969, 0.925318, 15.21937, -34.19028, 13.4142, 358.17, 34.53757
30.73303, 0.8888397, 15.24503, -34.54445, 12.88596, 358.6248, 34.4591
30.76636, 0.839288, 15.30441, -35.18649, 11.28291, 358.9131, 35.09197
30.79969, 0.7438242, 15.3631, -35.75858, 9.725593, 358.7317, 36.07463
30.83302, 0.6897805, 15.36991, -36.01307, 9.494175, 358.1966, 36.61549
30.86636, 0.6839097, 15.33342, -35.93048, 9.653175, 357.7585, 36.43389
30.89969, 0.6630311, 15.31336, -36.12726, 9.13467, 357.1425, 36.76119
30.93302, 0.6492209, 15.28072, -36.48584, 8.458196, 356.6008, 36.69741
30.96636, 0.720469, 15.21412, -36.6113, 8.085892, 355.8527, 36.35649
30.99969, 0.8239026, 15.16613, -36.76184, 7.805152, 355.2746, 35.76367
31.03302, 0.9724486, 15.1263, -36.91032, 7.389396, 355.1617, 35.03704
31.06636, 1.165891, 15.15178, -37.1034, 7.501858, 356.1259, 34.65952
31.09969, 1.630991, 15.07034, -37.48466, 7.679544, 358.9286, 33.35458
31.13302, 1.85615, 15.0086, -37.6721, 7.781802, 359.7769, 32.21294
31.16636, 2.069819, 14.98833, -37.87726, 7.68861, 0.2788814, 31.69935
31.19969, 2.272173, 14.91728, -38.07472, 7.322358, 0.8366728, 31.25759
31.23302, 2.44761, 14.82899, -38.25344, 7.118526, 1.295858, 30.59331
31.26635, 2.550683, 14.77471, -38.45518, 7.168215, 1.607091, 29.80915
31.29969, 2.730577, 14.66934, -38.83617, 6.35054, 1.826402, 29.37556
31.33302, 2.80162, 14.62284, -39.05509, 6.41396, 1.99105, 29.24215
31.36635, 2.857376, 14.56225, -39.23064, 6.346352, 2.077223, 28.83269
31.39968, 2.920319, 14.5221, -39.36418, 5.870881, 1.461031, 28.72018
31.43302, 2.94646, 14.5203, -39.49958, 5.225089, 1.040343, 28.87971
31.46635, 2.991807, 14.48837, -39.66383, 4.174882, 0.2815595, 29.27733
31.49969, 2.980655, 14.56075, -39.66747, 4.885243, 0.04774829, 29.77016
31.53302, 2.822031, 14.7583, -39.5359, 8.277926, 1.616146, 30.3105
31.56635, 2.682817, 14.94819, -39.32022, 12.06952, 2.382792, 31.41602
31.59968, 2.502757, 15.10296, -38.97655, 14.81136, 2.800152, 32.87694
31.63302, 2.015504, 15.53523, -38.15846, 20.85673, 2.34357, 37.88661
31.66635, 1.678816, 15.72754, -37.74589, 23.60219, 1.598886, 40.83882
31.69968, 1.261539, 15.87864, -37.34055, 25.96532, 1.753362, 44.73215
31.73302, 0.7864051, 16.05308, -36.97231, 28.4882, 2.904419, 47.95877
31.76635, 0.2581077, 16.19612, -36.623, 30.27839, 6.07487, 52.46592
31.79968, -0.7845308, 16.40834, -35.95701, 32.94387, 12.38093, 61.79757
31.83302, -1.212921, 16.40347, -35.63855, 32.802, 13.45425, 65.59509
31.86635, -1.642262, 16.40843, -35.34293, 33.36755, 14.10903, 69.00214
31.89968, -2.086695, 16.47216, -35.07147, 34.30408, 15.40436, 72.81503
31.93301, -2.539382, 16.52985, -34.76404, 34.99275, 17.17952, 76.86723
31.96635, -3.443068, 16.64501, -34.15034, 36.0472, 20.92049, 85.11687
31.99968, -3.53809, 16.35036, -34.69743, 32.2472, 17.71108, 81.94521
32.03301, -3.878837, 16.32102, -34.70104, 31.3727, 19.31942, 83.95194
32.06635, -4.165037, 16.28588, -34.70835, 30.10136, 20.54852, 85.57386
32.09968, -4.360381, 16.27941, -34.69006, 29.37806, 20.38306, 86.83266
32.13301, -4.699136, 16.2196, -34.77863, 28.55764, 19.12339, 88.73284
32.16634, -4.805394, 16.22479, -34.82584, 27.94497, 18.80225, 89.30418
32.19968, -4.818452, 16.1742, -34.84408, 27.38634, 17.22737, 88.30388
32.23301, -4.821457, 16.18828, -34.81874, 27.86278, 16.02646, 87.76678
32.26634, -4.840664, 16.21203, -34.79655, 28.40306, 15.47024, 87.32507
32.29967, -4.86567, 16.19474, -34.79114, 28.42473, 15.71623, 86.96738
32.33301, -4.845748, 16.19645, -34.6704, 28.61419, 16.13649, 86.78223
32.36634, -4.80673, 16.21049, -34.62262, 28.80354, 16.40682, 86.77477
32.39968, -4.757238, 16.20346, -34.54329, 28.48382, 16.70888, 86.5712
32.43301, -4.757238, 16.20346, -34.54329, 28.48382, 16.70888, 86.5712
32.46634, -4.706414, 16.22615, -34.49187, 28.68937, 16.93719, 86.54768
32.49968, -4.616804, 16.22533, -34.41277, 29.0558, 16.87236, 86.408
32.53301, -4.559925, 16.23515, -34.38501, 29.43653, 16.80729, 86.3755
32.56634, -4.51732, 16.22388, -34.37786, 29.61061, 16.72148, 86.10004
32.59967, -4.489445, 16.24707, -34.36561, 29.82061, 16.81294, 86.04205
32.63301, -4.350448, 16.2607, -34.33707, 30.20273, 15.35302, 84.88116
32.66634, -4.2571, 16.27304, -34.29789, 30.69295, 13.81134, 84.11607
32.69967, -4.20291, 16.28516, -34.27681, 31.29906, 12.70829, 83.62938
32.73301, -4.121785, 16.28341, -34.26049, 31.61263, 11.3386, 82.91858
32.76634, -3.983135, 16.2993, -34.21626, 32.29604, 9.2348, 81.53889
32.79967, -3.648932, 16.31798, -34.1014, 34.64514, 4.716077, 77.56327
32.833, -3.568319, 16.29869, -34.09033, 34.83511, 4.348612, 76.47763
32.86634, -3.511145, 16.29588, -34.06314, 34.8718, 5.369668, 76.43168
32.89967, -3.439973, 16.30364, -34.02483, 35.20357, 6.803006, 76.63285
32.933, -3.364376, 16.30166, -34.00095, 35.57207, 7.880449, 76.60937
32.96634, -3.275084, 16.30539, -33.97397, 35.86199, 8.164522, 76.44328
32.99967, -3.072588, 16.299, -33.93791, 36.43319, 7.067883, 74.96371
33.033, -3.007889, 16.29204, -33.93325, 36.61706, 6.780215, 74.27081
33.06634, -2.95299, 16.2986, -33.92426, 36.81795, 6.937297, 73.85076
33.09967, -2.91172, 16.29428, -33.93039, 37.09855, 7.070435, 73.31889
33.133, -2.901764, 16.29121, -33.95039, 36.9854, 7.540907, 73.5854
33.16634, -2.832461, 16.29505, -33.94801, 36.69926, 6.887731, 73.48338
33.19967, -2.81243, 16.30454, -33.9457, 36.90086, 6.58486, 73.18538
33.233, -2.797035, 16.30048, -33.9426, 36.90357, 6.271333, 72.81411
33.26633, -2.783229, 16.28494, -33.93287, 36.87581, 6.127237, 72.59224
33.29967, -2.747309, 16.28632, -33.90033, 37.59477, 5.831608, 72.0094
33.333, -2.746328, 16.28533, -33.88783, 37.44793, 5.87636, 72.10774
33.36633, -2.749471, 16.28795, -33.87364, 37.33038, 5.896389, 72.18766
33.39967, -2.740767, 16.28591, -33.85376, 37.6179, 5.766427, 71.95516
33.433, -2.735868, 16.28578, -33.82903, 37.76713, 5.827226, 72.02866
33.46633, -2.694702, 16.27676, -33.77833, 37.97701, 5.535689, 71.41878
33.49966, -2.686321, 16.26862, -33.74705, 37.98999, 5.427799, 71.22001
33.533, -2.688923, 16.27068, -33.74024, 38.00467, 5.463381, 71.32995
33.56633, -2.688923, 16.27068, -33.74024, 38.00467, 5.463381, 71.32995
